Time,Price,Volume,EMA_3,EMA_15,SMA_20,Upper_Band,Lower_Band,EMA_12,EMA_26,MACD,Signal_Line,RSI,Spike_Up,Spike_Down
2025-02-11 00:00:00,73.0,4128,73.0,73.0,,,,73.0,73.0,0.0,0.0,,False,False
2025-02-11 00:05:00,73.07450712295169,1465,73.03725356147584,73.00931339036896,,,,73.01146263430026,73.00551904614457,0.005943588155687962,0.0011887176311375924,,False,False
2025-02-11 00:10:00,73.053767477776,1240,73.04551051962592,73.01487015129484,,,,73.01797107175807,73.00909300404321,0.008878067714860549,0.0027265876478821836,,False,False
2025-02-11 00:15:00,73.01864447156751,876,73.03207749559672,73.01534194132893,,,,73.01807467172875,73.00980052015612,0.008274151572635446,0.0038361004328328367,,False,False
2025-02-11 00:20:00,72.98352392802514,788,73.00780071181093,73.01136468966595,,,,73.01275917269743,73.0078541059242,0.004905066773233102,0.00404989370091289,,False,False
2025-02-11 00:25:00,73.22040585035124,936,73.11410328108109,73.03749483475161,,,,73.0447048154134,73.02359867958545,0.0211061358279494,0.007461142126320193,,False,False
2025-02-11 00:30:00,73.33552105972417,1161,73.22481217040263,73.07474811287318,,,,73.0894457760766,73.04670404107719,0.04274173499941014,0.014517260700938183,,False,False
2025-02-11 00:35:00,73.26509990183393,776,73.24495603611828,73.09854208649327,,,,73.11646948773158,73.06288151224436,0.05358797548721839,0.022331403658194224,,False,False
2025-02-11 00:40:00,73.34648390837182,1209,73.29571997224505,73.1295348142281,,,,73.15185632167623,73.08388909714269,0.06796722453354676,0.031458567833264735,,False,False
2025-02-11 00:45:00,73.38277824910674,1081,73.3392491106759,73.16119024358792,,,,73.18738277205016,73.10602903432522,0.08135373772493892,0.04143760181159958,,False,False
2025-02-11 00:50:00,73.09578621240807,1002,73.21751766154199,73.15301473969043,,,,73.17329099364369,73.1052703067758,0.06802068686789653,0.04675421882285897,,False,False
2025-02-11 00:55:00,72.94386154435792,1123,73.08068960294995,73.12687059027387,,,,73.13799415529203,73.09331410215223,0.044680053139799725,0.046339385686247125,,False,False
2025-02-11 01:00:00,72.99099864424721,1015,73.03584412359858,73.10988659702053,,,,73.11537946128514,73.08573517934445,0.029644281940690576,0.04300036493713582,,False,False
2025-02-11 01:05:00,73.21084595958544,849,73.12334504159202,73.12250651734115,,,,73.1300666148698,73.09500264454749,0.03506397032231234,0.041413086014171124,57.46892458258163,False,False
2025-02-11 01:10:00,73.17697951451247,1342,73.15016227805225,73.12931564198756,,,,73.1372839840456,73.10107500528564,0.036208978759958654,0.04037226456332864,56.12235655990568,False,False
2025-02-11 01:15:00,73.09532210583369,945,73.12274219194296,73.12506644996833,,,,73.13082831047453,73.1006488645855,0.030179445889032763,0.03833370082846947,50.716520275972385,False,False
2025-02-11 01:20:00,73.11196049429017,1329,73.11735134311657,73.12342820550856,,,,73.12792556952309,73.10148676308214,0.026438806440950202,0.03595472195096562,52.008867506658596,False,False
2025-02-11 01:25:00,73.02186469080235,849,73.06960801695945,73.11073276617029,,,,73.11160851125835,73.09558883180216,0.016019679456192648,0.03196771345201103,50.107099571016825,False,False
2025-02-11 01:30:00,72.97811062833335,1106,73.0238593226464,73.09415499894067,,,,73.09107037542374,73.08688674265632,0.004183632767421841,0.026410897315093194,49.82098993475254,False,False
2025-02-11 01:35:00,72.97608604462266,1163,72.99997268363452,73.07939637965092,73.11412739043507,73.388621117511,72.83963366335915,73.07338047837742,73.07867928354273,-0.0052988051653102275,0.02006895681901251,40.43497935130957,False,False
2025-02-11 01:40:00,72.81742940527927,1322,72.9087010444569,73.04665050785447,73.10499886069904,73.40630666328263,72.80369105811545,73.03400339020847,73.0593274407084,-0.025324050499932582,0.010990355355223492,30.385627875764385,False,False
2025-02-11 01:45:00,72.94081114209474,636,72.92475609327582,73.0334205871345,73.0983140616562,73.40827823331041,72.78834989000198,73.0196661212679,73.0505484556259,-0.030882334357997365,0.002615817412579321,38.19613114471318,False,False
2025-02-11 01:50:00,72.7576845945991,1258,72.84122034393747,72.99895358806758,73.08350991749735,73.42871169636261,72.73830813863209,72.97936127101116,73.02885483629059,-0.04949356527943394,-0.0078060591258233315,30.04607290965177,False,False
2025-02-11 01:55:00,72.55845668726434,1398,72.6998385156009,72.94389147546717,73.06050052828218,73.47773831288774,72.64326274367662,72.9146067196655,72.99401052895531,-0.07940380928981483,-0.022125609158621634,24.842637368584846,False,True
2025-02-11 02:00:00,72.58798587264471,742,72.6439121941228,72.89940327511437,73.04072362551317,73.50783956681333,72.573607684213,72.86435735858538,72.96393462848786,-0.09957726990248261,-0.03761594130739383,31.61299934430113,False,False
2025-02-11 02:05:00,72.69875585964402,1042,72.67133402688341,72.87432234818057,73.01464112597782,73.49750266279655,72.53177958915909,72.8388802049021,72.94429175672164,-0.10541155181954309,-0.05117506340982368,40.852307005210434,False,False
2025-02-11 02:10:00,72.72446110182251,539,72.69789756435296,72.85558969238582,72.98408812808273,73.45872001950579,72.50945623665967,72.82127726596678,72.92800800450689,-0.10673073854010795,-0.06228619843588054,39.89071786212616,False,False
2025-02-11 02:15:00,72.70711385946427,728,72.70250571190861,72.83703021327062,72.95618882596423,73.42685196642752,72.48552568550095,72.8037136649664,72.91164547524448,-0.10793181027808885,-0.07141532080432221,27.4269314965573,False,False
2025-02-11 02:20:00,72.66194830512588,1047,72.68222700851724,72.81514497475253,72.92196204580195,73.37223817024405,72.47168592135985,72.78190360960632,72.89314938856903,-0.11124577896271148,-0.07938141243600007,27.151973360205773,False,False
2025-02-11 02:25:00,72.59285248948191,1419,72.63753974899959,72.7873584140937,72.88246575782071,73.29993134056832,72.4650001750731,72.75281882189488,72.87090517382184,-0.11808635192696215,-0.0871224003341925,27.457999666147103,False,False
2025-02-11 02:30:00,72.75142082341475,722,72.69448028620717,72.78286621525884,72.86524748837103,73.27398262797035,72.4565123487717,72.75260374520563,72.8620544811991,-0.10945073599346244,-0.09158806746604649,35.65243102780826,False,False
2025-02-11 02:35:00,72.80003341882397,505,72.74725685251556,72.78501211570448,72.85805608209435,73.26602779079202,72.45008437339668,72.75990061806999,72.85746032843058,-0.09755971036058497,-0.0927823960449542,40.87088134862377,False,False
2025-02-11 02:40:00,72.74227107676153,821,72.74476396463854,72.7796694858366,72.84561970372006,73.25168776107029,72.43955164636984,72.7571883809456,72.8489277912699,-0.09173941032429411,-0.09257379890082218,40.405020503021674,False,False
2025-02-11 02:45:00,73.33957518080443,967,73.04216957272149,72.84965769770758,72.85205616478102,73.28564747221702,72.41846485734501,72.84678635015466,72.88527204234653,-0.0384856921918697,-0.08175617755903168,59.96268307325863,True,False
2025-02-11 02:50:00,73.43132662413056,1231,73.23674809842603,72.92236631351045,72.8647735202619,73.35030116882474,72.37924587169907,72.93671562307404,72.92572052988608,0.010995093187958105,-0.06320592340963373,67.4665804898878,True,False
2025-02-11 02:55:00,73.5027330122446,574,73.36974055533531,72.99491215085222,72.88514406558245,73.44055604050851,72.32973209065639,73.02379522140797,72.96846219524596,0.05533302616200331,-0.03949813349530632,66.47504600902334,True,False
2025-02-11 03:00:00,73.69828220250439,503,73.53401137891984,73.08283340730874,72.91446015099316,73.57266360283725,72.25625669914908,73.12756244926896,73.02252293652437,0.10503951274459666,-0.010590604247325726,77.37804646229779,True,False
2025-02-11 03:05:00,73.56383192503499,1346,73.54892165197742,73.14295822202452,72.9415585127048,73.66022870508044,72.22288832032916,73.19468083015605,73.06261989863626,0.13206093151978848,0.017939702906097116,80.41029859658767,False,False
2025-02-11 03:10:00,73.54703375195895,1145,73.5479777019682,73.19346766326632,72.97000466888608,73.73810458670886,72.2019047510633,73.24888897197187,73.09850240628978,0.15038656568208353,0.0444290754612944,79.23415417628713,False,False
2025-02-11 03:15:00,73.68953456128503,617,73.61875613162661,73.25547602551865,73.0056770947192,73.83850725892916,72.17284693050925,73.31668060109698,73.14228256591906,0.17439803517791574,0.07042286740461867,79.62823938158569,False,False
2025-02-11 03:20:00,73.94851203157134,1380,73.78363408159898,73.34210552627523,73.0622312260338,73.98949795330893,72.13496449875868,73.41388543655457,73.2020032670785,0.21188216947606975,0.09871472781890889,82.12243535139137,False,False
2025-02-11 03:25:00,73.99753881516685,1105,73.89058644838292,73.4240346873867,73.1150676096874,74.12952995652142,72.10060526285338,73.50367826403338,73.26093182619616,0.24274643783722638,0.12752106982257239,83.31041355271967,False,False
2025-02-11 03:30:00,73.98537097204304,1003,73.93797871021297,73.49420172296874,73.1764519285596,74.24689015002924,72.10601370708996,73.57778483449641,73.31459398514778,0.2631908493486321,0.15465502572778433,84.75426545228322,False,False
2025-02-11 03:35:00,73.86841568994406,1497,73.90319720007852,73.54097846884066,73.24194987869359,74.31347869627302,72.17042106111415,73.62249727379606,73.35561781513269,0.26687945866336804,0.17709991231490108,82.67606613622468,False,False
2025-02-11 03:40:00,73.74183123589246,1446,73.82251421798549,73.56608506472215,73.29964214685597,74.34689127789989,72.25239301581206,73.64085634488781,73.38422621667046,0.25663012821735265,0.1930059554953914,75.79399118459668,False,False
2025-02-11 03:45:00,73.7192511571535,1073,73.7708826875695,73.58523082627606,73.35066691173145,74.37381045627234,72.32752336719057,73.65291708523638,73.40904287892846,0.24387420630792178,0.20317960565789747,74.26894689485725,False,False
2025-02-11 03:50:00,73.57441750636924,940,73.67265009696936,73.58387916128771,73.39316473195879,74.37662984152641,72.40969962239117,73.64084022694912,73.42129285133149,0.21954737561763693,0.20645315964984537,71.00440033724483,False,False
2025-02-11 03:55:00,73.96944673946106,693,73.82104841821521,73.63207510855938,73.45628137595862,74.41610352404257,72.49645922787468,73.69139507502788,73.46189684304478,0.2294982319831007,0.21106217411649644,67.70683784331517,False,False
2025-02-11 04:00:00,73.81568310613943,1346,73.81836576217732,73.65502610825689,73.5139681160093,74.40929252266271,72.61864370935588,73.7105163105835,73.48810323290365,0.22241307767984608,0.21333235482916638,60.44093293910977,False,False
2025-02-11 04:05:00,73.94658887083801,1214,73.88247731650767,73.69147145357954,73.58165493507711,74.38358735486064,72.77972251529359,73.74683516600727,73.52206513200991,0.22477003399735906,0.21561989066280493,61.67966341575403,False,False
2025-02-11 04:10:00,74.2896727682816,891,74.08607504239464,73.76624661791729,73.65856753232046,74.41923119652536,72.89790386811556,73.83034864328025,73.57892495691894,0.2514236863613064,0.22278064980250525,64.44066228799528,False,False
2025-02-11 04:15:00,74.53311084318281,525,74.30959294278873,73.86210464607548,73.7452214035384,74.48874941713919,73.0016933899376,73.93846590480372,73.64960539293848,0.28886051186523787,0.2359966222150518,72.4719147423194,True,False
2025-02-11 04:20:00,74.65667080472909,934,74.48313187375891,73.96142541590717,73.84094138993677,74.53186684030184,73.1500159395717,74.0489589663307,73.72420283084891,0.32475613548179183,0.2537485248683998,74.51253980507524,True,False
2025-02-11 04:25:00,74.56512250212698,672,74.52412718794295,74.03688755168466,73.9022187560029,74.62267435616502,73.18176315584077,74.1283687410686,73.78649317686951,0.3418755641990856,0.271373932734537,69.78770565523709,False,False
2025-02-11 04:30:00,74.51769761760552,2397,74.52091240277423,74.09698880992477,73.95653730567665,74.69118108237113,73.22189352898216,74.18826549130505,73.84065646877589,0.3476090225291557,0.2866209506934608,64.22322608160681,False,False
2025-02-11 04:35:00,74.66209381110548,1144,74.59150310693985,74.16762693507235,74.01450534561968,74.78066429519106,73.2483463960483,74.26116215588974,73.90150367931882,0.3596584765709139,0.3012284558689514,65.85088271701643,False,False
2025-02-11 04:40:00,74.63063994557993,825,74.61107152625989,74.22550356138579,74.06112323277347,74.85906901869237,73.26317744685457,74.31800489276515,73.95551377311594,0.36249111964920644,0.3134809886250024,65.25056732344771,False,False
2025-02-11 04:45:00,74.7392524333088,909,74.67516197978435,74.28972217037617,74.11989425818716,74.93654826806882,73.3032402483055,74.38281220669494,74.01356848868578,0.3692437180091588,0.3246335345018337,70.66322034646001,False,False
2025-02-11 04:50:00,74.70088773776496,617,74.68802485877465,74.34111786629975,74.17758695747747,74.98683654216467,73.36833737279028,74.43174690378264,74.0644810256546,0.36726587812803757,0.3331600032270745,73.75084220123838,False,False
2025-02-11 04:55:00,74.5703419945808,1335,74.62918342667773,74.36977088233488,74.22162732914225,75.01475219752396,73.42850246076054,74.4530692254439,74.10195220853802,0.3511170169058744,0.3367514059628345,70.00720939777851,False,False
2025-02-11 05:00:00,74.49434551163607,1286,74.5617644691569,74.38534271099752,74.24891900314549,75.0400354762941,73.45780252999688,74.45941942331962,74.13101837913788,0.32840104418173155,0.33508133360661396,72.34871061362627,False,False
2025-02-11 05:05:00,74.32990564234386,1223,74.44583505575038,74.37841307741581,74.26553734450434,75.0483398003733,73.48273488863538,74.43949422624642,74.14575076900499,0.29374345724143325,0.32681375833357784,59.86189398217209,False,False
2025-02-11 05:10:00,74.46713829063276,2172,74.45648667319156,74.38950372906793,74.28962571043382,75.06574944732694,73.51350197354071,74.44374715922893,74.16955725208852,0.2741899071404106,0.3162889880949444,67.98603399988224,False,False
2025-02-11 05:15:00,74.5123367107752,1031,74.48441169198338,74.40485785178134,74.32182176147538,75.07752970497305,73.56611381797771,74.45429939792837,74.19494832310235,0.2593510748260144,0.3049014054411584,66.39567920478876,False,False
2025-02-11 05:20:00,74.29355917262718,612,74.38898543230528,74.39094551688707,74.34940815831212,75.05456039028458,73.64425592633965,74.42957013249742,74.20225283047456,0.22731730202285405,0.28938458475749756,50.121375098082325,False,False
2025-02-11 05:25:00,74.16665662015883,639,74.27782102623206,74.36290940479604,74.37177843146239,75.01874383847489,73.72481302444989,74.38912189982995,74.19961607415489,0.18950582567505592,0.26940883294100926,37.65693276612459,False,False
2025-02-11 05:30:00,74.04328321484182,1058,74.16055212053695,74.32295613105177,74.39522171688601,74.94759707357835,73.84284636019368,74.3359159482933,74.18803586235393,0.14788008593937718,0.24510308354068286,29.337021134965468,False,False
2025-02-11 05:35:00,73.97701831135792,500,74.06878521594743,74.27971390359004,74.39560029548086,74.94675600569708,73.84444458526464,74.28070092722632,74.17240493265052,0.10829599457579775,0.21774166574770584,29.845415861605076,False,False
2025-02-11 05:40:00,73.96439354858074,589,74.01658938226409,74.24029885921388,74.40303581760293,74.92446088969663,73.88161074550922,74.23203825358854,74.1569966819787,0.07504157160984448,0.18920164692013358,30.5746927108665,False,False
2025-02-11 05:45:00,74.01509694741202,1153,74.01584316483806,74.21214862023865,74.40646122143161,74.91602606913143,73.89689637373179,74.19866266802292,74.14648559052931,0.05217707749361011,0.1617967330348289,25.68578164936605,False,False
2025-02-11 05:50:00,74.31128262695505,819,74.16356289589655,74.2245403710782,74.4075417143653,74.91615461841991,73.89892881031068,74.21598881555093,74.1586927784127,0.057296037138229394,0.140896593855509,39.99019569154458,False,False
2025-02-11 05:55:00,74.19688858232277,1049,74.18022573910966,74.22108389748378,74.39073060132229,74.90407229009541,73.87738891254916,74.21305031813121,74.16152209722085,0.051528220910356026,0.12302291926647842,33.06175993309351,False,False
2025-02-11 06:00:00,74.22218749040177,1304,74.2012066147557,74.22122184659852,74.36900643560593,74.87162323548712,73.86638963572473,74.21445603694207,74.16601583004906,0.04844020689300521,0.10810637679178378,34.92698897242968,False,False
2025-02-11 06:05:00,74.20159383984988,1393,74.2014002273028,74.21876834575495,74.35083000249207,74.84986488936211,73.85179511562204,74.21247723738942,74.16865123818245,0.043825999206973165,0.09525030127482166,37.52531861804483,False,False
2025-02-11 06:10:00,74.41179207455392,638,74.30659615092836,74.24289631185482,74.34553472533949,74.83933436743663,73.85173508324235,74.24314105849166,74.18666167050627,0.05647938798539087,0.08749611861693551,47.43970814044105,False,False
2025-02-11 06:15:00,74.48865563440965,1010,74.397625892669,74.27361622717417,74.33686281650469,74.81303191756413,73.86069371544525,74.28091253170982,74.20903159375837,0.07188093795144823,0.08437308248383807,55.20624337840728,False,False
2025-02-11 06:20:00,74.57017893809602,1367,74.48390241538252,74.3106865660394,74.33383976613051,74.80286999637008,73.86480953589094,74.32541505576923,74.23578324889449,0.08963180687473482,0.08542482736201742,53.50740287827899,False,False
2025-02-11 06:25:00,74.68862985880862,1344,74.58626613709558,74.35792947763555,74.3313086374055,74.79159182073707,73.87102545407393,74.38129425623683,74.26932744222147,0.11196681401536068,0.09073322469268608,55.71580560056092,False,False
2025-02-11 06:30:00,74.75335327829808,758,74.66980970769683,74.40735745271836,74.33393191443216,74.80358648579536,73.86427734306895,74.43853410578471,74.30518120785676,0.13335289792794924,0.09925715933973872,66.56198613877902,False,False
2025-02-11 06:35:00,74.88648002046052,1172,74.77814486407868,74.46724777368614,74.34973881572613,74.87130644242987,73.82817118902238,74.50744886188869,74.34824037916074,0.15920848272794785,0.11124742401738055,75.81261307313815,True,False
2025-02-11 06:40:00,74.97730249008768,1401,74.87772367708318,74.53100461323633,74.37388666464872,74.96387657456154,73.7838967547359,74.57973403545776,74.39483757256274,0.1848964628950256,0.12597723179290957,84.29421021858664,True,False
2025-02-11 06:45:00,74.95578315564308,1189,74.91675341636312,74.58410193103718,74.40518054031368,75.0492631614229,73.76109791920446,74.6375877462555,74.43638909723535,0.2011986490201565,0.14102151523835896,87.15807581147621,False,False
2025-02-11 06:50:00,75.04833372200035,509,74.98254356918173,74.64213090490759,74.43424031188206,75.13962103837146,73.72885958539267,74.70077943483163,74.48171832869942,0.21906110613221585,0.15662943341713034,88.79655281699262,False,False
2025-02-11 06:55:00,75.22371486904325,760,75.10312921911249,74.71482890042455,74.46980921979545,75.25858407778989,73.68103436180101,74.78123104009495,74.53668103539155,0.24455000470339883,0.17421354767438404,89.71452811228666,False,False
2025-02-11 07:00:00,75.35471241440666,1418,75.22892081675957,74.79481433967231,74.52286688188443,75.39958020758614,73.64615355618271,74.86945894383521,74.59727595235564,0.2721829914795677,0.19380743643542078,88.46196029356696,False,False
2025-02-11 07:05:00,75.2005557847934,1149,75.21473830077647,74.84553202031246,74.57456184011616,75.48414865642168,73.66497502381064,74.92039691936725,74.64196334735104,0.2784335720162119,0.21073266355157902,85.94265073165639,False,False
2025-02-11 07:10:00,75.31174188005018,671,75.26324009041332,74.90380825277967,74.63798477337657,75.56825150391218,73.70771804284097,74.98060383639539,74.69157657199541,0.2890272643999765,0.22639158372125853,86.75727281251791,False,False
2025-02-11 07:15:00,75.05516244327143,1397,75.15920126684237,74.92272752659115,74.69189197997225,75.58510294793332,73.79868101201119,74.9920743912994,74.71850885875659,0.27356553254280414,0.23582637348556768,74.84077863020694,False,False
2025-02-11 07:20:00,75.07300921705583,512,75.1161052419491,74.94151273789923,74.747322763396,75.58639714737848,73.90824837941352,75.00452590295423,74.74476814455655,0.2597577583976829,0.24061265046799074,71.66890712811121,False,False
2025-02-11 07:25:00,75.22308205822014,667,75.16959365008462,74.97670890293935,74.8077220189364,75.59731865325915,74.01812538461365,75.0381499268413,74.78019880482793,0.2579511220133668,0.24408034477706597,72.9660805973261,False,False
2025-02-11 07:30:00,75.24594518755903,1141,75.20776941882183,75.01036343851682,74.85445514696661,75.63086473555308,74.07804555838015,75.07011842849018,74.81469853688209,0.255419891608085,0.24634825414326977,71.93651619247652,False,False
2025-02-11 07:35:00,75.36836809599123,1095,75.28806875740653,75.05511402070113,74.91302912265004,75.65662646751427,74.16943177778582,75.1160029927211,74.85571109681611,0.2602918959049987,0.24913698249561556,72.0086987292616,False,False
2025-02-11 07:40:00,75.43912418972027,820,75.3635964735634,75.10311529182852,74.97387595761596,75.67753824441706,74.27021367081485,75.1657139461056,74.89892688147569,0.2667870646299093,0.25266699892247435,72.11762241757077,False,False
2025-02-11 07:45:00,75.56722385769451,818,75.46541016562895,75.16112886256177,75.04215745850819,75.69336083197818,74.39095408503819,75.22748470173467,74.9484303611956,0.2790543405390622,0.2579444672457919,72.02691453220272,False,False
2025-02-11 07:50:00,75.83551293629334,1112,75.65046155096115,75.2454268717782,75.11334350159515,75.78534225659483,74.44134474659548,75.32102750705138,75.01414018157321,0.3068873254781721,0.26773303889226796,74.90856971963188,True,False
2025-02-11 07:55:00,75.81406429608721,828,75.73226292352419,75.31650654981682,75.17961393467905,75.85363647784847,74.50559139150964,75.3968793207492,75.07339381968535,0.3234855010638569,0.2788835313265858,74.91164382208423,False,False
2025-02-11 08:00:00,75.52387876676205,1284,75.62807084514313,75.34242807693498,75.22729892611234,75.85299187884418,74.6016059733805,75.41641769705888,75.10676307502436,0.30965462203451466,0.28503774946817156,62.38214423451021,False,False
2025-02-11 08:05:00,75.32436765693484,1276,75.47621925103898,75.34017052443497,75.25908581601865,75.83191541036445,74.68625622167286,75.4022561524244,75.12288193294366,0.2793742194807436,0.283905043470686,52.58825310121042,False,False
2025-02-11 08:10:00,75.32057451309917,1470,75.39839688206908,75.33772102301799,75.28744687775871,75.80869310676462,74.7662006487528,75.38968974637436,75.13752582776999,0.25216391860436715,0.27755681849742225,49.06070621835526,False,False
2025-02-11 08:15:00,75.1765903182821,1410,75.2874936001756,75.317579684926,75.30195239264978,75.7913925250747,74.81251226022486,75.35690521897554,75.14041949373386,0.2164857252416823,0.2653425998462743,49.336885611073555,False,False
2025-02-11 08:20:00,75.34232955104962,1419,75.3149115756126,75.32067341819145,75.32020374569788,75.78528796518115,74.85511952621461,75.3546628085254,75.15537579427577,0.19928701424963435,0.2521314827269463,50.821546144502136,False,False
2025-02-11 08:25:00,75.1445440269359,1049,75.22972780127425,75.29865724428451,75.32964178926252,75.77062472490847,74.88865885361658,75.32233684212702,75.15457344113949,0.16776340098752485,0.23525786637906204,52.47896853150484,False,False
2025-02-11 08:30:00,75.25260211324164,918,75.24116495725795,75.29290035290416,75.33985520882459,75.76248553490002,74.91722488274915,75.31160842229849,75.16183482425818,0.1497735980403121,0.21816101271131208,54.74358228269319,False,False
2025-02-11 08:35:00,75.38917894601583,1105,75.3151719516369,75.30493517704312,75.34812841267322,75.76765275459319,74.92860407075325,75.32354234902424,75.17867512957356,0.14486721945067416,0.2035022540591845,54.41861462494871,False,False
2025-02-11 08:40:00,75.38472014236272,594,75.3499460469998,75.31490829770807,75.34962879907103,75.76946680827459,74.92979078986747,75.33295431723016,75.1939377231135,0.13901659411665435,0.19060512207067848,53.728286904742994,False,False
2025-02-11 08:45:00,75.58938515946078,1316,75.46966560323028,75.34921790542717,75.36907026780439,75.79579703012881,74.94234350547997,75.37240521603488,75.2232301258059,0.14917509022897946,0.1823191157023387,55.68649380849033,False,False
2025-02-11 08:50:00,75.76518949503144,1080,75.61742754913087,75.4012143541277,75.39174264855345,75.85247384708084,74.93101145002605,75.43283356664973,75.26337526426705,0.16945830238267945,0.17974695303840685,57.95902736658526,False,False
2025-02-11 08:55:00,76.1827802020049,817,75.90010387556788,75.49891008511236,75.44812353649013,76.00199526077115,74.8942518122091,75.54820997208898,75.33147933372912,0.21673063835986284,0.18714369010269805,63.16478282142787,True,False
2025-02-11 09:00:00,76.17810218227989,1455,76.03910302892388,75.5838090972583,75.50337818475133,76.11695656058414,74.88979980891851,75.6451164659645,75.39419213732548,0.25092432863903014,0.19989981780996446,58.25803126663089,True,False
2025-02-11 09:05:00,76.17636468431259,2205,76.10773385661824,75.65787854564009,75.55104231605596,76.2186665457586,74.88341808635332,75.72684696109498,75.45213084450971,0.2747161165852674,0.21486307756502507,58.81694794469967,False,False
2025-02-11 09:10:00,76.20495449007977,1445,76.156344173349,75.72626303869505,75.59899278118198,76.31065680064063,74.88732876172332,75.80040196555417,75.50789555899638,0.29250640655779137,0.23039174336357834,68.9929236236627,False,False
2025-02-11 09:15:00,76.29587389454463,833,76.22610903394681,75.79746439567626,75.64536807110966,76.41247530361053,74.87826083860878,75.87662841616809,75.56626432459255,0.31036409157553635,0.24638621300596997,78.83867916328258,False,False
2025-02-11 09:20:00,76.00423945548219,1384,76.1151742447145,75.823311278152,75.67362383439776,76.4503156750667,74.89693199372881,75.89626088375488,75.59870692688067,0.2975539568742107,0.25661976177961815,67.33235347441027,False,False
2025-02-11 09:25:00,75.97162090894659,875,76.04339757683054,75.84184998200132,75.69384368696036,76.47987207477132,74.9078152991494,75.90785473378438,75.62633018481147,0.2815245489729108,0.26160071921827666,71.36195607471734,False,False
2025-02-11 09:30:00,75.90033230668652,958,75.97186494175853,75.84916027258697,75.69708465548003,76.48610140160919,74.90806790935086,75.90669743730778,75.64662663828369,0.260070799024092,0.26129473517943974,65.79486468457283,False,False
2025-02-11 09:35:00,75.55262206945835,636,75.76224350560844,75.8120929971959,75.68401254414857,76.47353176793952,74.89449332035763,75.8522243037925,75.63966333688921,0.21256096690328263,0.2515479815242083,60.647382525525835,False,False
2025-02-11 09:40:00,75.51241931668191,4287,75.63733141114517,75.77463378713165,75.68343957164457,76.47346458332005,74.89341455996909,75.7999466134678,75.6302378539109,0.16970875955689735,0.23518013713074612,57.02787982470212,False,False
2025-02-11 09:45:00,75.60768619931721,1087,75.62250880523119,75.75376533865484,75.69760549876369,76.47049552011674,74.92471547741064,75.77036808821386,75.62856736097802,0.14180072723583237,0.2165042551517634,56.04558098037855,False,False
2025-02-11 09:50:00,75.44565606881115,1494,75.53408243702117,75.71525167992438,75.70385957654929,76.46585129643552,74.94186785666307,75.72041239292113,75.61501837637307,0.10539401654806113,0.19428220743102295,51.55074052460805,False,False
2025-02-11 09:55:00,75.29183108835312,1046,75.41295676268714,75.66232410597797,75.70962161505284,76.45641682311111,74.96282640699457,75.65447680760298,75.59107857726048,0.06339823034250003,0.16810541201331838,42.22648414679803,False,False
2025-02-11 10:00:00,75.11437514665286,1012,75.26366595467,75.59383048606233,75.69822389483299,76.47497914051353,74.92146864915246,75.57138424437987,75.55576721203029,0.01561703234958145,0.137607736080571,33.01231903284827,False,False
2025-02-11 10:05:00,75.18184125242617,795,75.22275360354809,75.54233183185781,75.70008875610752,76.47140703482548,74.92877047738956,75.51145455331007,75.52806899280036,-0.016614439490282962,0.10676330096640022,18.029768062855,False,False
2025-02-11 10:10:00,75.44867990400905,819,75.33571675377857,75.53062534087671,75.7098926456459,76.46200773398635,74.95777755730543,75.50179691495607,75.52218831955656,-0.020391404600488272,0.08133235985302252,30.044083151173652,False,False
2025-02-11 10:15:00,75.54719950368366,1417,75.44145812873111,75.53269711122758,75.71779367352927,76.4589633764489,74.97662397060964,75.50878192860647,75.52404099986227,-0.015259071255798062,0.0620140736312584,33.65266393362346,False,False
2025-02-11 10:20:00,74.03351920181078,1071,74.73748866527094,75.34529987255048,75.65023362650167,76.70093613137813,74.59953112162522,75.28181843217637,75.41363197778438,-0.1318135456080114,0.023248549783404446,18.155698136528017,False,True
2025-02-11 10:25:00,74.2331514010066,1331,74.48532003313878,75.20628131360749,75.58242193857896,76.80985707592187,74.35498680123605,75.12048504276564,75.32618897209713,-0.2057039293314915,-0.022541946039574746,20.68471872918677,False,True
2025-02-11 10:30:00,74.38138179258222,848,74.4333509128605,75.10316887347933,75.5132315534565,76.84855592505359,74.17790718185942,75.00677685042973,75.25620325509603,-0.24942640466629484,-0.06791883776491878,25.955992384610795,False,False
2025-02-11 10:35:00,74.20849698683321,1339,74.32092394984686,74.99133488764856,75.41451739269793,76.83087523318314,73.99815955221273,74.88396456372257,75.17859538337287,-0.29463081965029403,-0.11326123414199384,24.920226454773655,False,False
2025-02-11 10:40:00,73.98338172785213,1278,74.1521528388495,74.86534074267401,75.30478136997654,76.80937629326299,73.80018644669009,74.74541335820405,75.09006103851947,-0.34464768031541837,-0.15953852337667873,23.875379565139724,False,False
2025-02-11 10:45:00,73.9774363065462,1372,74.06479457269785,74.75435268815804,75.19483495108821,76.75172125584142,73.637948646335,74.62726304256438,75.00764439170662,-0.3803813491422403,-0.20370708852979105,26.327900027539343,False,False
2025-02-11 10:50:00,73.89723689526869,728,73.98101573398327,74.64721321404687,75.07944907134767,76.6629589832175,73.49593915947784,74.51495132759581,74.92539198456306,-0.4104406569672534,-0.2450538022172835,26.015158758159316,False,False
2025-02-11 10:55:00,73.8350571244602,769,73.90803642922174,74.54569370284855,74.95640823284344,76.5242886863216,73.38852777936529,74.4103522194211,74.84462643937026,-0.4342742199491596,-0.2828978857636587,23.415904386377235,False,False
2025-02-11 11:00:00,73.84708693134132,1327,73.87756168028153,74.45836785641015,74.8485506066364,76.40970142581833,73.28739978745446,74.32369602125497,74.77073462396072,-0.4470386027057458,-0.31572602915207615,24.896862302264694,False,False
2025-02-11 11:05:00,73.71311889029694,1297,73.79534028528923,74.365211735646,74.73562550570391,76.28138630569377,73.18986470571404,74.22976107803066,74.6923927177634,-0.46263163973273436,-0.3451071512682078,25.053105260724564,False,False
2025-02-11 11:10:00,73.66289630318774,790,73.72911829423848,74.27742230658872,74.62375370552897,76.13813655063841,73.10937086041953,74.14255111267022,74.61613372409113,-0.47358261142090896,-0.37080224329874806,26.102720875173375,False,False
2025-02-11 11:15:00,73.74533275494714,1224,73.73722552459282,74.21091111263353,74.53338923980343,76.02997836901926,73.03680011058759,74.08144059609744,74.55162994859899,-0.47018935250154925,-0.39067966513930835,26.465207885686127,False,False
2025-02-11 11:20:00,73.55470198391573,1992,73.64596375425427,74.1288849715438,74.43550337316512,75.91850504819465,72.95250169813559,74.00040388653102,74.47778343269653,-0.4773795461655084,-0.4080196413445484,18.175657022955576,False,False
2025-02-11 11:25:00,73.91305737752461,504,73.77951056588944,74.1019065222914,74.35077193207549,75.74262758452159,72.95891627962939,73.9869659620685,74.43595187305417,-0.44898591098566953,-0.4162128952727726,24.746766090074132,False,False
2025-02-11 11:30:00,74.1895694412727,1350,73.98454000358106,74.11286438716407,74.28796760069855,75.58170332058236,72.99423188081474,74.0181357280999,74.41770132255184,-0.3995655944519285,-0.4128834351086038,53.90449208019421,False,False
2025-02-11 11:35:00,74.19184093301168,878,74.08819046829638,74.12273645539501,74.23296809293149,75.43746161423479,73.02847457162818,74.04485960577864,74.40097092332664,-0.35611131754799885,-0.40152901159648285,48.85311247858317,False,False
2025-02-11 11:40:00,74.25815203554168,577,74.17317125191903,74.13966340291334,74.19015693737592,75.32138095906386,73.05893291568798,74.07767382574218,74.39039174645367,-0.31271792071149207,-0.3837667934194847,46.41578576065177,False,False
2025-02-11 11:45:00,74.1914772239088,909,74.18232423791392,74.14614013053777,74.14063873595005,75.17132015657471,73.10995731532539,74.09518204084473,74.37565733737628,-0.2804752965315487,-0.36310849404189754,49.47237071727787,False,False
2025-02-11 11:50:00,73.94110737004523,1073,74.06171580397958,74.1205110354762,74.06526010925185,74.89384764905216,73.23667256945154,74.07147824533712,74.34346845090731,-0.2719902055701908,-0.34488483634755623,48.70965821018153,False,False
2025-02-11 11:55:00,73.82533450838172,631,73.94352515618064,74.0836139695894,73.97916685948677,74.43207005580446,73.52626366316908,74.0336099781132,74.30508815886837,-0.2714781807551674,-0.3302035052290785,45.64909882952509,False,False
2025-02-11 12:00:00,74.07452976797293,1100,74.00902746207679,74.08247844438733,73.98121738779489,74.43552588806574,73.52690888752403,74.03990533039932,74.28800975954277,-0.24810442914345288,-0.3137836900119534,54.62439546589965,False,False
2025-02-11 12:05:00,74.1221948228385,1248,74.06561114245764,74.08744299169373,73.97566955888647,74.41961605537918,73.53172306239375,74.05256525231304,74.27572717163875,-0.22316191932570462,-0.2956593358747036,57.54666082857288,False,False
2025-02-11 12:10:00,73.88036072676232,541,73.97298593460998,74.06155770857731,73.95061850559549,74.35274458880674,73.54849242238423,74.02607224838216,74.24644076831457,-0.22036851993240703,-0.2806011726862443,50.780261837749514,False,False
2025-02-11 12:15:00,73.93695516658138,588,73.95497055059568,74.04598239082782,73.93704141458288,74.32040580494376,73.553677024222,74.01236192810512,74.22351590892693,-0.21115398082180548,-0.26671173431335654,55.44654563519168,False,False
2025-02-11 12:20:00,74.1846578145533,2703,74.06981418257449,74.06331681879351,73.94710521891794,74.34585063797263,73.54835979986325,74.03886898755869,74.22063753156591,-0.18176854400722675,-0.24972309625213057,61.58272474526843,False,False
2025-02-11 12:25:00,74.07504660406886,795,74.07243039332167,74.06478304195292,73.95198573379407,74.35466431880613,73.54930714878202,74.04443477471409,74.20985301841799,-0.1654182437038969,-0.23286212574248386,57.232149506447215,False,False
2025-02-11 12:30:00,73.29125957826595,1339,73.68184498579382,73.96809260899204,73.92168686794393,74.42124749495272,73.42212624093514,73.92856166756823,74.14180905988822,-0.21324739231998535,-0.22893917905798417,45.41465658954225,False,True
2025-02-11 12:35:00,73.24916134696483,794,73.46550316637932,73.87822620123863,73.89239207906917,74.47513262187314,73.30965153626519,73.82403854132156,74.07568700707908,-0.2516484657575262,-0.23348103639789258,37.01502129318742,False,True
2025-02-11 12:40:00,73.15856495904016,1115,73.31203406270974,73.78826854596383,73.85796598045411,74.5269451912778,73.18898676963042,73.72165799020134,74.00775204055768,-0.28609405035633984,-0.24400363918958204,28.253296045804674,False,True
2025-02-11 12:45:00,73.07617702293551,3075,73.19410554282263,73.6992571055853,73.82611888708604,74.57945688683941,73.07278088733267,73.6223532260066,73.93874648369678,-0.31639325769018,-0.25848156288970164,27.236931947209243,False,False
2025-02-11 12:50:00,73.24069646110172,1299,73.21740100196217,73.64193702502486,73.80500889498174,74.60010919895034,73.00990859101314,73.56363680063662,73.88703907461566,-0.32340227397904187,-0.2714657051075697,30.040570467619858,False,False
2025-02-11 12:55:00,74.1951734025467,1190,73.70628720225443,73.7110915722151,73.82750092736171,74.64073690844033,73.01426494628309,73.66079627785355,73.90986383964758,-0.24906756179403544,-0.26698607644486283,50.0537764999258,False,False
2025-02-11 13:00:00,74.27386475264127,1136,73.99007597744784,73.78143821976838,73.86345906579798,74.68940506389907,73.03751306769689,73.75511450474397,73.93682687023971,-0.18171236549574132,-0.24993133425503852,55.09592991177244,False,False
2025-02-11 13:05:00,74.12663845498408,921,74.05835721621597,73.82458824917035,73.87413811967096,74.70826669936989,73.04000953997203,73.81227203555014,73.95088698762818,-0.13861495207804353,-0.22766805781963956,54.57021595164128,False,False
2025-02-11 13:10:00,74.19595397612356,1364,74.12715559616976,73.8710089650395,73.87445734641351,74.70909894036585,73.03981575246117,73.8713000264076,73.96904009788709,-0.09774007147949249,-0.20168246055161015,51.94808201231712,False,False
2025-02-11 13:15:00,74.20642428887207,522,74.16678994252092,73.91293588051857,73.87518651420653,74.71102021465401,73.03935281375905,73.92285760524828,73.98662411203412,-0.06376650678583928,-0.17409926979845597,51.36766703892615,False,False
2025-02-11 13:20:00,74.14862724934281,1074,74.15770859593187,73.9423973016216,73.86971027489659,74.69636400390269,73.0430565458905,73.95759139664744,73.99862434442736,-0.041032947779910955,-0.14748600539474696,54.63283354685558,False,False
2025-02-11 13:25:00,74.38652977176461,642,74.27211918384825,73.99791386038947,73.87946290228938,74.72645249267138,73.03247331190737,74.02358191589624,74.02735807978567,-0.003776163889426698,-0.1187440370936829,57.30639519936868,False,False
2025-02-11 13:30:00,74.20085744694059,1492,74.23648831539441,74.02328180870838,73.89245040613415,74.75130274897653,73.03359806329176,74.05085507451845,74.0402098847601,0.010645189758349716,-0.0928661917232764,50.26869049675276,False,False
2025-02-11 13:35:00,74.17808968268525,1164,74.20728899903983,74.04263279295549,73.91008816484933,74.77758223754323,73.04259409215543,74.07042962962103,74.05042320312494,0.02000642649609574,-0.07029166807940197,51.75979025457427,False,False
2025-02-11 13:40:00,74.26633726365795,644,74.2368131313489,74.0705958517933,73.91967853963357,74.79898762403174,73.04036945523539,74.1005692656267,74.06641683723849,0.034152428388210865,-0.0494028487858794,71.84147799900244,False,False
2025-02-11 13:45:00,74.3084860438182,724,74.27264958758354,74.10033212579641,73.92899310068256,74.82118725260548,73.03679894875964,74.13255646227155,74.08434788957773,0.048208572693823726,-0.029880564489938782,73.7280510692118,False,False
2025-02-11 13:50:00,74.21508111584512,1002,74.24386535171433,74.1146757495525,73.94572912013669,74.8465975643123,73.04486067596108,74.14525256282133,74.0940318322642,0.05122073055711951,-0.013660305480527124,73.63540430335759,False,False
2025-02-11 13:55:00,74.12667640230349,1461,74.18527087700892,74.11617583114638,73.9552151819228,74.85968292414557,73.05074743970002,74.14239469197243,74.0964499485634,0.04594474340902366,-0.0017392957026169682,73.4377073640388,False,False
2025-02-11 14:00:00,74.25411671685664,1473,74.21969379693277,74.13341844186016,73.95868812703796,74.86738887546245,73.04998737861347,74.15958269580076,74.10812896843699,0.05145372736377851,0.008899308910662129,72.99082825736295,False,False
2025-02-11 14:05:00,74.38905669817163,1320,74.3043752475522,74.1653732238991,73.97438863174311,74.90220425354374,73.04657300994248,74.19488638847321,74.12893842989882,0.06594795857438385,0.02030903884340647,57.002281635216086,False,False
2025-02-11 14:10:00,74.43515162630312,1115,74.36976343692766,74.19909552419959,74.03158323414496,74.9223796212817,73.14078684700821,74.23185027121627,74.15162088889173,0.08022938232454635,0.03229310753963445,55.96548806551791,False,False
2025-02-11 14:15:00,74.31080237466482,603,74.34028290579624,74.21305888050775,74.08466528552997,74.90270359387948,73.26662697718045,74.2439967486699,74.16341211006011,0.08058463860979259,0.04195141375366608,56.92889474067798,False,False
2025-02-11 14:20:00,74.22677521863527,1446,74.28352906221576,74.21477342277367,74.13807579850972,74.83152127112527,73.44463032589417,74.24134728251073,74.16810567365827,0.0732416088524559,0.04820945277342405,51.146907261715036,False,False
2025-02-11 14:25:00,74.22363997954065,538,74.2535845208782,74.21588174236955,74.19544894633998,74.67623232446863,73.71466556821133,74.23862308205379,74.17221932594586,0.06640375610793114,0.05184831344032547,50.644139477028375,False,False
2025-02-11 14:30:00,74.24123908703697,1446,74.24741180395759,74.21905141045298,74.24547607763674,74.41621149674357,74.0747406585299,74.2390255443589,74.17733190084151,0.06169364351738693,0.053817379455737765,53.57261654139481,False,False
2025-02-11 14:35:00,74.32330369421248,697,74.28535774908504,74.23208294592291,74.25188259222003,74.42427820887701,74.07948697556304,74.25199141356714,74.1881446262764,0.06384678729074267,0.05582326102273875,47.22764790872031,False,False
2025-02-11 14:40:00,74.2929747963474,1145,74.28916627271622,74.23969442722597,74.25283809440535,74.42595702232961,74.07971916648108,74.25829654937948,74.19590982405943,0.06238672532005296,0.05713595388220159,54.67622952601609,False,False
2025-02-11 14:45:00,74.4167872486956,1078,74.3529767607059,74.26183102990969,74.26734553409091,74.44451743117611,74.0901736370057,74.28267973388965,74.21227111477322,0.07040861911643503,0.05979048692904828,60.98977988784748,False,False
2025-02-11 14:50:00,74.5388136940957,890,74.4458952274008,74.29645386293294,74.28448851998952,74.49566193505359,74.07331510492546,74.32208495853673,74.23645945398229,0.08562550455444295,0.06495749045412721,62.166550949051874,True,False
2025-02-11 14:55:00,74.73463551516885,678,74.59026537128483,74.35122656946243,74.31089908130436,74.59905490225486,74.02274326035385,74.38555427494167,74.27336138444056,0.11219289050110604,0.07440457046352297,66.73208699504605,True,False
2025-02-11 15:00:00,74.73778609141377,1467,74.6640257313493,74.39954650970635,74.3403570234079,74.67532140685435,74.00539263996146,74.43974378516815,74.30776321458673,0.131980570581419,0.08591977048710218,72.08869874606106,True,False
2025-02-11 15:05:00,74.78641104428704,3159,74.72521838781816,74.44790457652894,74.36035108703403,74.7501668118093,73.97053536225877,74.49307720964798,74.34321860937935,0.14985860026862952,0.09870753644340766,78.84929006831352,True,False
2025-02-11 15:10:00,74.76688958613188,947,74.74605398697503,74.48777770272932,74.38865269399359,74.8105801341208,73.96672525386639,74.5352021906455,74.37460164469435,0.16060054595115503,0.11108613834495713,74.75974972662934,False,False
2025-02-11 15:15:00,74.64415648364687,999,74.69510523531095,74.50732505034401,74.41195603404167,74.83639191330444,73.98752015477889,74.5519643895688,74.39456866980194,0.1573957197668534,0.1203480546293364,62.46468676864549,False,False
2025-02-11 15:20:00,74.95801457499968,514,74.8265599051553,74.56366124092597,74.44653989960875,74.92967589502996,73.96340390418754,74.61443364886586,74.4363054035203,0.1781282453455617,0.13190409277258147,70.24947404209054,True,False
2025-02-11 15:25:00,75.1317312060247,1122,74.97914555559001,74.63466998656331,74.48770215771908,75.05437081283374,73.92103350260443,74.69401788842876,74.48781842592803,0.2061994625007344,0.14676316671821205,80.62206254336515,True,False
2025-02-11 15:30:00,75.25048061011914,1168,75.11481308285457,74.71164631450779,74.53947213243278,75.18497391385004,73.89397035101551,74.7796275379196,74.5443119210533,0.23531561686628777,0.16447365674782718,87.22178530829879,True,False
2025-02-11 15:35:00,75.2486435941921,788,75.18172833852333,74.77877097446833,74.5955704920272,75.28363076172339,73.90751022233103,74.85178385426921,74.59648463758211,0.2552992166871064,0.18263876873568302,87.30420608966811,False,False
2025-02-11 15:40:00,75.11405543846922,977,75.14789188849628,74.82068153246844,74.63856742810785,75.34404064276602,73.93309421344968,74.89213332876153,74.6348232154256,0.257310113335933,0.19757303765573303,79.27276204928172,False,False
2025-02-11 15:45:00,75.26032339848189,730,75.20410764348908,74.87563676572012,74.68213076312335,75.42911188287908,73.93514964336762,74.94877795487236,74.68115656231865,0.267621392553707,0.21158270863532783,80.12853474266542,False,False
2025-02-11 15:50:00,75.23826479125657,1422,75.22118621737283,74.92096526891217,74.72228642137102,75.49911473586893,73.94545810687312,74.99331439123915,74.72242383853627,0.2708905527028804,0.22344427744883835,80.55696799121276,False,False
2025-02-11 15:55:00,75.30020450939791,919,75.26069536338537,74.96837017397289,74.77175652810767,75.56411077637388,73.97940227984147,75.04052825557127,74.76522240674825,0.2753058488230238,0.23381659172367544,79.74681346134017,False,False
2025-02-11 16:00:00,75.21564582647731,656,75.23817059493135,74.99927963053594,74.82120005849978,75.59352529509262,74.04887482190695,75.06746942032605,74.79858710450596,0.26888231582009325,0.24082973654295903,73.38054068034927,False,False
2025-02-11 16:05:00,75.25239081214362,1049,75.24528070353747,75.0309185282369,74.87263760012993,75.61379470286005,74.13148049739982,75.09591886522107,74.8322021939606,0.26371667126046816,0.24540712348646085,70.09374632165348,False,False
2025-02-11 16:10:00,75.17634933583794,940,75.21081501968771,75.04909737918702,74.91939311256999,75.6090300832948,74.22975614184519,75.1082927837775,74.8576945748404,0.25059820893710594,0.2464453405765899,66.10895824713515,False,False
2025-02-11 16:15:00,75.1056935899952,596,75.15825430484145,75.05617190553804,74.95851260735911,75.59227738937126,74.32474782534696,75.10789290781099,74.87606487225928,0.2318280355517146,0.24352187957161486,61.54085272003654,False,False
2025-02-11 16:20:00,75.14050108059884,1496,75.14937769272015,75.06671305242064,75.00088892157169,75.55570301679845,74.44607482634493,75.11290954977835,74.89565273954368,0.21725681023467303,0.2382688657042265,63.357034303270325,False,False
2025-02-11 16:25:00,74.92328842937424,910,75.0363330610472,75.04878497453984,75.02621398060562,75.51052763084243,74.5419003303688,75.08373706971618,74.89769982767928,0.1860372420369032,0.22782254097076185,59.34779303882805,False,False
2025-02-11 16:30:00,74.71216886321776,1450,74.87425096213248,75.0067079606246,75.03488173906172,75.48764432976328,74.58211914836015,75.02657273025488,74.8839567932747,0.14261593698017805,0.2107812201726451,41.15852516102127,False,False
2025-02-11 16:35:00,74.60440223002989,788,74.73932659608118,74.95641974430026,75.02837007480477,75.50255371769246,74.55418643191707,74.96162342252796,74.86324904784917,0.09837437467879795,0.1882998510738757,30.09099802501011,False,False
2025-02-11 16:40:00,74.57238515727312,753,74.65585587667715,74.90841542092187,75.02010002809774,75.52065833203191,74.51954172416357,74.90174061248875,74.84170357447317,0.06003703801557947,0.16264728846221646,22.604766607128937,False,False
2025-02-11 16:45:00,74.70103410075342,2085,74.67844498871528,74.88249275590081,75.01583118092107,75.52614202282682,74.50552033901532,74.87086268760639,74.83128361345689,0.03957907414950057,0.1380336455996733,29.932630444460486,False,False
2025-02-11 16:50:00,74.6770433212589,1097,74.6777441549871,74.85681157657058,75.01133886767742,75.53234662934581,74.49033110600904,74.84104432355294,74.8198584066274,0.021185916925531956,0.11466409986484503,32.57291626017043,False,False
2025-02-11 16:55:00,74.67426635086005,1333,74.67600525292357,74.83399342335676,75.01284436103808,75.52954091555989,74.49614780651626,74.81538617390788,74.80907380990391,0.006312364003974835,0.092993752692671,23.60910150310592,False,False
2025-02-11 17:00:00,74.63096755502202,1021,74.6534864039728,74.80861518981492,74.99649201003919,75.54047506255812,74.45250895752027,74.78701407869468,74.79588075398674,-0.008866675292054538,0.0726216670957259,23.165949463344802,False,False
2025-02-11 17:05:00,74.67937533907273,1016,74.66643087152278,74.79246020847215,74.9738742166916,75.53162354128253,74.41612489210067,74.770454272599,74.78725072325237,-0.01679645065337354,0.054738043545906015,22.23601291296444,False,False
2025-02-11 17:10:00,74.55529069753989,1134,74.61086078453133,74.76281401960563,74.93911472106264,75.51075816588329,74.36747127624199,74.73735218412837,74.77006849912553,-0.03271631499715966,0.03724717183729288,21.476752530486507,False,False
2025-02-11 17:15:00,74.53897667527136,1341,74.57491872990134,74.73483435156383,74.90363137511659,75.48243377911058,74.3248289711226,74.70683287507345,74.75295058624745,-0.04611771117400565,0.020574195235033177,18.631280117262463,False,False
2025-02-11 17:20:00,74.59923343358619,1364,74.58707608174376,74.71788423681663,74.87789027487244,75.46304626741914,74.29273428232574,74.69027911484463,74.74156413049477,-0.05128501565013721,0.006202353057999101,24.267095040138685,False,False
2025-02-11 17:25:00,74.63284730585775,617,74.60996169380076,74.70725462044678,74.84651647024124,75.41230245255207,74.28073048793041,74.68144345192357,74.73351103237351,-0.05206758044994331,-0.005451633643589381,28.19610278875325,False,False
2025-02-11 17:30:00,74.63473616597503,1305,74.62234892988789,74.69818981363781,74.81634003897716,75.35801623952354,74.27466383843078,74.6742577156238,74.72619437560326,-0.05193665997946084,-0.014748638910763674,25.94796514857346,False,False
2025-02-11 17:35:00,74.63841269211387,1408,74.63038081100089,74.69071767344732,74.78325044811297,75.27941407757133,74.2870868186546,74.66874309662228,74.71969202867811,-0.05094893205583162,-0.021988697539777266,32.999825721864724,False,False
2025-02-11 17:40:00,74.7131124358007,658,74.6717466234008,74.69351701874149,74.75812377857912,75.21110774164836,74.30513981550988,74.67556914880358,74.71920465142793,-0.04363550262435467,-0.026318058556692746,50.06725954428848,False,False
2025-02-11 17:45:00,75.03608980442743,1314,74.85391821391411,74.73633861695224,74.74730872819332,75.15905715446465,74.33556030192199,74.7310338650534,74.74267762572418,-0.011643760670779102,-0.02338319897951002,73.54696814865278,False,False
2025-02-11 17:50:00,74.92098766999423,727,74.88745294195417,74.75941974858249,74.73454064490113,75.103929241838,74.36515204796426,74.760257527352,74.7558857771516,0.004371750200391489,-0.017832209143529718,67.43470746579189,False,False
2025-02-11 17:55:00,75.24945810997689,1376,75.06845552596553,74.8206745437568,74.74172887090022,75.14552135777696,74.33793638402348,74.83551915544813,74.79244669069422,0.04307246475390514,-0.005651274364042747,72.85940698541805,True,False
2025-02-11 18:00:00,75.12821336717361,715,75.09833444656957,74.8591168966839,74.74111448522896,75.14238174369702,74.33984722676091,74.88054903417512,74.81731829635936,0.06323073781575772,0.008125128071917346,67.39534397178156,False,False
2025-02-11 18:05:00,74.80962900852714,1447,74.95398172754835,74.85293091066431,74.7354315141866,75.12898059657797,74.34188243179523,74.86963826099851,74.8167487194829,0.05288954151561143,0.017078010760656164,54.196979250481824,False,False
2025-02-11 18:10:00,74.73076575527503,1195,74.84237374141169,74.83766026624065,74.73636135878947,75.12976687004219,74.34295584753674,74.84827326011798,74.81037961102305,0.03789364909492576,0.021241138427510086,53.02751906361458,False,False
2025-02-11 18:15:00,74.78202915164161,514,74.81220144652664,74.83070637691577,74.74524270487005,75.13409859126556,74.35638681847455,74.83808185881392,74.80827957699479,0.029802281819129917,0.022953367105834052,53.108761907789365,False,False
2025-02-11 18:20:00,75.06345477752399,656,74.93782811202531,74.8597999269918,74.7697961858826,75.17439189042855,74.36520048133664,74.87275461553855,74.82718144370067,0.045573171837887116,0.027477328052244666,64.05024856762041,False,False
2025-02-11 18:25:00,74.92869257682173,1147,74.93326034442353,74.86841150822053,74.78117910968601,75.19041264724947,74.37194557212254,74.88136045573596,74.83470078689483,0.04665966884113004,0.03131379621002174,60.11288092172364,False,False
2025-02-11 18:30:00,75.0024804525477,760,74.96787039848562,74.88517012626143,74.79745096625045,75.21504481951911,74.3798571129818,74.8999943013993,74.84712891027652,0.052865391122779215,0.03562411519257324,60.391034037927916,False,False
2025-02-11 18:35:00,74.8044454714946,656,74.88615793499011,74.87507954441557,74.80395992228219,75.21750788763596,74.39041195692842,74.88529448141396,74.84396717407046,0.04132730734350787,0.03676475362276017,54.07638904637144,False,False
2025-02-11 18:40:00,75.07916428637276,546,74.98266111068143,74.90059013716021,74.82636975884972,75.24892369454471,74.40381582315473,74.91512060525378,74.86138918238915,0.05373142286462951,0.04015808747113404,59.346104850758756,False,False
2025-02-11 18:45:00,75.25608030448095,823,75.1193707075812,74.94502640807531,74.85520500712012,75.31278112639916,74.39762888784108,74.96757594359642,74.89062556180335,0.07695038179306835,0.0475165463355209,62.10708942760247,False,False
2025-02-11 18:50:00,75.18570395666524,1343,75.15253733212322,74.97511110164905,74.88672567007639,75.34416602388374,74.42928531626903,75.00113409945315,74.912483220682,0.08865087877114775,0.05574341282264628,59.27913619722106,False,False
2025-02-11 18:55:00,74.9287337773016,1184,75.04063555471241,74.9693139361056,74.9062135251779,75.33349015315902,74.47893689719679,74.98999558835291,74.91368696561679,0.07630862273612138,0.059856454805341304,47.8360180293839,False,False
2025-02-11 19:00:00,75.13181463342642,629,75.08622509406942,74.9896265232707,74.93284258516991,75.34570479018778,74.51998038015203,75.01181390297961,74.92984457063972,0.08196933233989512,0.06427903031225207,54.10408873016755,False,False
2025-02-11 19:05:00,75.11463365663852,910,75.10042937535397,75.00525241494168,74.95693190270896,75.35192880429422,74.5619350011237,75.02763232661944,74.94353265108407,0.08409967553537001,0.06824315935687567,47.01347070969511,False,False
2025-02-11 19:10:00,75.30030610343454,594,75.20036773939425,75.04213412600329,74.99021039958193,75.38305527458218,74.59736552458168,75.06958213843716,74.96996031422114,0.0996218242160154,0.07451889232870361,53.70627948486445,False,False
2025-02-11 19:15:00,75.30109265839226,1126,75.25073019889325,75.07450394255191,75.02334439789584,75.40281289602511,74.64387589976657,75.10519914150717,74.9944886360116,0.11071050549557526,0.08175721496207794,62.263049087596706,False,False
2025-02-11 19:20:00,75.30813974745698,1254,75.27943497317511,75.10370841816504,75.05309576347867,75.42334298269131,74.68284854426602,75.13642077319176,75.01772205167423,0.11869872151753214,0.08914551627316877,64.94221040624473,False,False
2025-02-11 19:25:00,75.2406299267351,1431,75.2600324499551,75.1208236067363,75.06332276959404,75.44277730677885,74.68386823240922,75.15245295065996,75.03423374612318,0.11821920453678558,0.09496025392589214,61.769437116006344,False,False
2025-02-11 19:30:00,75.33405741658721,791,75.29704493327117,75.14747783296767,75.08397625692369,75.47558264637486,74.69236986747252,75.18039209926415,75.0564429068983,0.12394919236585622,0.10075804161388496,57.68638859698511,False,False
2025-02-11 19:35:00,75.352101761344,1293,75.32457334730759,75.17305582401471,75.08910843949205,75.49236340303447,74.68585347594963,75.20680897035336,75.07834356278318,0.12846540757018943,0.10629951480514586,62.88090434128209,False,False
2025-02-11 19:40:00,75.42926758645281,1310,75.3769204668802,75.20508229431948,75.10416115045601,75.53508831598278,74.67323398492924,75.2410333728302,75.10433793490685,0.13669543792335048,0.1123786994287868,62.95703768841251,False,False
2025-02-11 19:45:00,75.19915046084246,782,75.28803546386132,75.20434081513486,75.12363722307177,75.53319513435899,74.71407931178454,75.234589847909,75.11136108497615,0.1232287629328539,0.11454871212960023,61.75407159259308,False,False
2025-02-11 19:50:00,75.39080198412724,568,75.33941872399427,75.22764846125891,75.15663903451438,75.53832521616145,74.77495285286732,75.25862248425027,75.13206041083919,0.12656207341107972,0.11695138438589613,59.763412449890296,False,False
2025-02-11 19:55:00,75.62347478045561,1159,75.48144675222494,75.27712675115849,75.19871131595508,75.59186379287563,74.80555883903453,75.3147536067434,75.16846147525521,0.1462921314881811,0.12281953380635313,61.1216844739038,True,False
2025-02-11 20:00:00,75.64082597559954,510,75.56113636391224,75.32258915421363,75.22757987585886,75.66158334397076,74.79357640774697,75.36491858656741,75.20345143824368,0.16146714832373732,0.13054905670982997,64.23432220849004,False,False
2025-02-11 20:05:00,75.94993816433184,753,75.75553726412204,75.40100778047841,75.27864215523437,75.7967411197661,74.76054319070263,75.45492159853117,75.25874675128723,0.1961748472439382,0.1436742148166516,80.93021173502025,True,False
2025-02-11 20:10:00,76.21323929069833,1341,75.98438827741018,75.5025367192559,75.33918009714189,75.98789311005946,74.69046708422432,75.57158585886458,75.32944990235472,0.24213595650985553,0.1633665631552924,81.60137515892009,True,False
2025-02-11 20:15:00,76.3100456831361,1371,76.14721698027313,75.60347533974092,75.41446010772397,76.14603850064508,74.68288171480286,75.68519506259865,75.40208662685706,0.28310843574159605,0.18731493767255317,83.37897967748738,True,False
2025-02-11 20:20:00,76.51534041676595,1049,76.33127869851954,75.71745847436905,75.48626891424362,76.34938652675054,74.62315130173671,75.81290973247054,75.484549870554,0.3283598619165389,0.21552392252135033,83.55914017743383,True,False
2025-02-11 20:25:00,76.67410408979339,633,76.50269139415647,75.83703917629708,75.55717010350926,76.56200505693946,74.55233515007907,75.94540117205867,75.57266499790506,0.3727361741536015,0.2469663728478006,84.87871819448299,True,False
2025-02-11 20:30:00,76.41029316682992,1211,76.4564922804932,75.90869592511368,75.6183995640175,76.67579398064561,74.56100514738938,76.01692301740809,75.63471152893653,0.3822114884715546,0.2740153959725514,74.7671680037957,False,False
2025-02-11 20:35:00,76.36988214166323,522,76.41318721107821,75.96634420218237,75.69045698223557,76.74638119804058,74.63453276643057,76.07122442113965,75.68916861136073,0.38205580977891884,0.29562347873382494,75.68898983883993,False,False
2025-02-11 20:40:00,76.47751348003263,1314,76.44535034555543,76.03024036191364,75.75774192456589,76.83506483933779,74.680419009794,76.1337304302001,75.74756452755865,0.38616590264145145,0.31373196351535027,75.84508792001677,False,False
2025-02-11 20:45:00,76.72180581186832,845,76.58357807871187,76.11668604315797,75.83810053232737,76.95256504527914,74.7236360193756,76.22420356584136,75.81973054861862,0.40447301722274176,0.3318801742568286,78.08632813274251,False,False
2025-02-11 20:50:00,76.51479059313608,801,76.54918433592397,76.16644911190524,75.89882475681245,77.02222054190707,74.77542897171782,76.26890926234823,75.87121647784214,0.39769278450609136,0.34504269630668116,71.13366664870819,False,False
2025-02-11 20:55:00,76.25928322723281,862,76.4042337815784,76.17805337632119,75.94673428525448,77.0442267493413,74.84924182116765,76.26742833386893,75.89996216298219,0.36746617088674327,0.3495273912226936,70.43730418487549,False,False
2025-02-11 21:00:00,76.25095107239832,895,76.32759242698836,76.18716558833083,75.99387485150154,77.05630764334335,74.93144205965974,76.26489337056576,75.92596134145747,0.33893202910829245,0.34740831879981343,67.84317738762684,False,False
2025-02-11 21:05:00,75.94083475739234,717,76.13421359219035,76.15637423446353,76.0288850930344,77.03125568541833,75.02651450065048,76.21503819930831,75.92706307597116,0.2879751233371479,0.33552167970728036,56.37846426471925,False,False
2025-02-11 21:10:00,75.92746675146542,640,76.03084017182789,76.12776079908876,76.05855555977831,77.00806410516545,75.10904701439118,76.1707964381017,75.92709297785963,0.2437034602420738,0.31715803581423907,55.77029289353967,False,False
2025-02-11 21:15:00,75.98245648837994,1115,76.00664833010391,76.10959776025017,76.0900732961301,76.9808786697137,75.1992679225465,76.14182106122144,75.9311939786389,0.21062708258253338,0.295851845167898,50.729228016027186,False,False
2025-02-11 21:20:00,75.84147452043084,1457,75.92406142526738,76.07608235527275,76.110683642829,76.95497455704006,75.26639272861794,76.0956139010998,75.92454809284571,0.17106580825408457,0.2708946377851353,41.17920957374608,False,False
2025-02-11 21:25:00,75.83207265583987,709,75.87806704055362,76.04558114284363,76.14232975257889,76.88396816172227,75.40069134343551,76.05506909413673,75.9176980604749,0.13737103366182168,0.24418991696047257,38.1684963053163,False,False
2025-02-11 21:30:00,75.97534400391505,1484,75.92670552223433,76.03680150047757,76.17155685356826,76.82988592693067,75.51322778020585,76.04280369564108,75.92196813035936,0.12083556528172323,0.2195190466247227,36.20975869013448,False,False
2025-02-11 21:35:00,75.89580536115919,1492,75.91125544169677,76.01917698306276,76.18517338260345,76.80596630195427,75.56438046325263,76.02018856725925,75.92003014745563,0.10015841980361984,0.19564692126050215,29.28589219567006,False,False
2025-02-11 21:40:00,75.77687443631984,1122,75.8440649390083,75.98888916471991,76.19197580563947,76.79022619367775,75.59372541760119,75.9827556240378,75.90942602070483,0.07332960333296512,0.17118345767499477,31.733099937816405,False,False
2025-02-11 21:45:00,75.76081988232666,1115,75.80244241066748,75.96038050442075,76.18251989153921,76.80246329751503,75.5625764855634,75.94861166377454,75.89841815860274,0.050193505171804986,0.14698546717435682,32.18524219208443,False,False
2025-02-11 21:50:00,75.60553353396375,1327,75.70398797231562,75.91602463311364,76.15213460370248,76.82320145854378,75.48106774886118,75.89583041303443,75.87672300122208,0.019107411812356645,0.12140985610195679,25.18677062131256,False,False
2025-02-11 21:55:00,75.90024230390121,1182,75.8021151381084,75.91405184196208,76.13164443474074,76.80741889394345,75.45586997553802,75.89650916547546,75.87846517179091,0.018043993684557336,0.1007366836184769,27.273525715839966,False,False
2025-02-11 22:00:00,75.90553183669697,959,75.85382348740268,75.91298684130393,76.1011540057373,76.75882114179377,75.44348686968083,75.89789726874031,75.88047010993209,0.01742715880821777,0.08407477865642508,31.02916673258187,False,False
2025-02-11 22:05:00,75.80057301049808,855,75.82719824895038,75.8989351124532,76.05747745177253,76.66936376772479,75.44559113582027,75.88292430593381,75.87455180627032,0.008372499663494182,0.0689343228578389,34.23924278585949,False,False
2025-02-11 22:10:00,75.83266999710821,823,75.82993412302929,75.89065197303509,76.02859629328644,76.62468885743486,75.43250372913802,75.8751928738068,75.87144945003608,0.0037434237707145712,0.05589614304041404,35.859269034294044,False,False
2025-02-11 22:15:00,75.8158207896546,632,75.82287745634194,75.88129807511253,76.000893225686,76.5815005890675,75.4202858623045,75.86605870701415,75.86732880852634,-0.0012701015121905357,0.04446289412989313,44.72838192779808,False,False
2025-02-11 22:20:00,75.78267534972461,1387,75.80277640303328,75.86897023443903,75.9661513191706,76.50857482774943,75.42372781059179,75.85323049820038,75.86105818194844,-0.007827683748061531,0.034004778554302194,43.994570583107055,False,False
2025-02-11 22:25:00,75.70310017758304,1304,75.75293829030815,75.84823647733202,75.91521603745633,76.33670578383095,75.49372629108171,75.8301335257977,75.84935758903248,-0.019224063234773325,0.02335901019648709,38.64487944376324,False,False
2025-02-11 22:30:00,75.61672744148633,1339,75.68483286589725,75.81929784785132,75.87031287987386,76.20533355568764,75.53529220406008,75.79730182051902,75.83212572625129,-0.034823905732267235,0.011722427010736225,40.44020267027505,False,False
2025-02-11 22:35:00,75.38944878215655,626,75.53714082402689,75.76556671463948,75.82682115762005,76.17481882974316,75.47882348549693,75.73455519923249,75.79933484150354,-0.06477964227104849,-0.0035779868456207176,34.116639651458215,False,True
2025-02-11 22:40:00,75.59447992227322,605,75.56581037315006,75.74418086559369,75.79399760011378,76.09409753103157,75.493897669196,75.71300515662337,75.78416040304202,-0.07115524641865534,-0.017093438760227644,36.912939055785834,False,False
2025-02-11 22:45:00,75.68096346673158,1103,75.62338691994083,75.73627869073593,75.78100403558075,76.07680758373084,75.48520048743066,75.70807566587078,75.77651618553756,-0.06844051966677966,-0.027362854941538048,42.65277677670351,False,False
2025-02-11 22:50:00,75.72765098991312,1298,75.67551895492697,75.73520022813307,75.77101324750313,76.05939262632859,75.48263386867768,75.71108725418497,75.77289654141724,-0.061809287232264865,-0.03425214139968341,48.22914112489233,False,False
2025-02-11 22:55:00,75.708463351191,877,75.69199115305898,75.7318581185153,75.75731359064369,76.02894542258215,75.48568175870523,75.71068357680129,75.7681237125116,-0.05744013571030848,-0.03888974026180843,48.12066212702383,False,False
2025-02-11 23:00:00,75.56513228510093,1404,75.62856171907995,75.71101738933851,75.74349647887719,76.02503572102435,75.46195723673003,75.68829107038584,75.75308731048118,-0.06479624009533325,-0.044071040228513395,48.53724262228175,False,False
2025-02-11 23:05:00,75.45167967330829,550,75.54012069619412,75.67860017483473,75.72447682975061,76.03109917794423,75.417854481557,75.6518893169893,75.73076081883875,-0.07887150184944858,-0.051031132552700434,31.305841313802446,False,False
2025-02-11 23:10:00,75.23834161686864,528,75.38923115653138,75.62356785508896,75.68762671039829,76.04090205735969,75.3343513634369,75.5882665938938,75.69428532239652,-0.10601872850271832,-0.062028651742704013,26.303607808349497,False,True
2025-02-11 23:15:00,75.14135568423225,961,75.26529342038182,75.56329133373188,75.64990422655194,76.06524947388895,75.23455897921492,75.51951106933049,75.6533275714214,-0.13381650209090878,-0.07638622181234497,26.453424575741437,False,True
2025-02-11 23:20:00,74.97912348369009,795,75.12220845203595,75.49027035247666,75.61001667892046,76.11711066906855,75.10292268877237,75.43637451769351,75.60338652788575,-0.16701201019223788,-0.09451137948832355,22.10542843964393,False,True
2025-02-11 23:25:00,75.23219472895097,796,75.17720159049347,75.45801089953595,75.58358542125167,76.1122323709146,75.05493847158874,75.40496224250235,75.57589083907577,-0.1709285965734182,-0.10979482290534248,33.477664087980955,False,False
2025-02-11 23:30:00,75.36444069249339,1225,75.27082114149343,75.44631462365564,75.57153077917816,76.10899215936685,75.03406939898947,75.39872815788559,75.56022786525484,-0.16149970736925923,-0.12013579979812583,38.7889186386139,False,False
2025-02-11 23:35:00,75.37604593864053,1278,75.32343354006699,75.43753103802875,75.54532096091512,76.06615661680097,75.02448530502927,75.39523858569405,75.54658475957972,-0.1513461738856705,-0.12637787461563477,40.9015303416593,False,False
2025-02-11 23:40:00,75.24685330844129,906,75.28514342425413,75.41369632183032,75.51238703450232,76.02046279583638,75.00431127316827,75.37241008150131,75.52438242986575,-0.1519723483644384,-0.1314967693653955,39.949746813325746,False,False
2025-02-11 23:45:00,75.09126638529231,1268,75.18820490477322,75.37339257976306,75.47692170324204,75.9991245880865,74.95471881839758,75.32915720516147,75.49229975989735,-0.16314255473588446,-0.13782592643949332,41.56929857376429,False,False
2025-02-11 23:50:00,75.06271558357977,1313,75.1254602441765,75.33455795524016,75.43842398256562,75.96371561534954,74.9131323497817,75.28816618645659,75.46047870979974,-0.17231252334315172,-0.144723245820225,33.298348678231434,False,False
2025-02-11 23:55:00,75.20164221570953,1112,75.16355122994301,75.31794348779883,75.40771505386837,75.91147986147638,74.90395024626037,75.27485480634166,75.44130563616343,-0.16645082982176973,-0.14906876262053395,35.42560014290369,False,False
